train_loss,step,epoch
0.06728213280439377,49,0
0.038861844688653946,99,0
