epoch,step,train_loss
0,49,0.06739937514066696
0,99,0.039490051567554474
