step,train_loss,epoch
49,0.08220183104276657,0
99,0.04151400178670883,0
