step,train_loss,epoch
49,0.06395923346281052,0
99,0.0392865315079689,0
