step,epoch,train_loss
49,0,0.06647399812936783
99,0,0.03766737878322601
